{
  "female" : {
    "back" : {
      "leftBack" : [
        [
          0.23799999999999999,
          0.22520000000000001
        ],
        [
          0.48999999999999999,
          0.20000000000000001
        ],
        [
          0.4854,
          0.35859999999999997
        ],
        [
          0.34539999999999998,
          0.36759999999999998
        ],
        [
          0.23710000000000001,
          0.36830000000000002
        ]
      ],
      "leftBackNeck" : [
        [
          0.34689999999999999,
          0.53590000000000004
        ],
        [
          0.46500000000000002,
          0.52610000000000001
        ],
        [
          0.45579999999999998,
          0.67269999999999996
        ],
        [
          0.32219999999999999,
          0.69620000000000004
        ],
        [
          0.35360000000000003,
          0.61760000000000004
        ]
      ],
      "leftOccipital" : [
        [
          0.25040000000000001,
          0.38080000000000003
        ],
        [
          0.47210000000000002,
          0.37390000000000001
        ],
        [
          0.47320000000000001,
          0.50870000000000004
        ],
        [
          0.34439999999999998,
          0.51419999999999999
        ],
        [
          0.29020000000000001,
          0.47189999999999999
        ]
      ],
      "rightBack" : [
        [
          0.51000000000000001,
          0.20000000000000001
        ],
        [
          0.73380000000000001,
          0.221
        ],
        [
          0.72250000000000003,
          0.37390000000000001
        ],
        [
          0.61319999999999997,
          0.36899999999999999
        ],
        [
          0.50690000000000002,
          0.35720000000000002
        ]
      ],
      "rightBackNeck" : [
        [
          0.50480000000000003,
          0.53649999999999998
        ],
        [
          0.63649999999999995,
          0.54659999999999997
        ],
        [
          0.63090000000000002,
          0.62290000000000001
        ],
        [
          0.64690000000000003,
          0.69010000000000005
        ],
        [
          0.50970000000000004,
          0.67479999999999996
        ]
      ],
      "rightOccipital" : [
        [
          0.50180000000000002,
          0.37180000000000002
        ],
        [
          0.69699999999999995,
          0.38850000000000001
        ],
        [
          0.66120000000000001,
          0.46839999999999998
        ],
        [
          0.60699999999999998,
          0.52190000000000003
        ],
        [
          0.49869999999999998,
          0.51149999999999995
        ]
      ]
    },
    "front" : {
      "forehead" : [
        [
          0.36820000000000003,
          0.19919999999999999
        ],
        [
          0.62190000000000001,
          0.19539999999999999
        ],
        [
          0.68589999999999995,
          0.2427
        ],
        [
          0.67359999999999998,
          0.28089999999999998
        ],
        [
          0.31430000000000002,
          0.28399999999999997
        ],
        [
          0.30649999999999999,
          0.2374
        ]
      ],
      "leftAroundEyes" : [
        [
          0.31540000000000001,
          0.32290000000000002
        ],
        [
          0.45910000000000001,
          0.33129999999999998
        ],
        [
          0.43780000000000002,
          0.40529999999999999
        ],
        [
          0.33900000000000002,
          0.40839999999999999
        ],
        [
          0.28179999999999999,
          0.37019999999999997
        ]
      ],
      "leftCheekbone" : [
        [
          0.3352,
          0.41699999999999998
        ],
        [
          0.43940000000000001,
          0.4204
        ],
        [
          0.43640000000000001,
          0.4753
        ],
        [
          0.29020000000000001,
          0.46910000000000002
        ],
        [
          0.2616,
          0.39400000000000002
        ]
      ],
      "leftGum" : [
        [
          0.30309999999999998,
          0.49540000000000001
        ],
        [
          0.41799999999999998,
          0.49340000000000001
        ],
        [
          0.43020000000000003,
          0.54900000000000004
        ],
        [
          0.3952,
          0.60309999999999997
        ],
        [
          0.3291,
          0.54620000000000002
        ]
      ],
      "leftNeck" : [
        [
          0.35360000000000003,
          0.59389999999999998
        ],
        [
          0.44790000000000002,
          0.63890000000000002
        ],
        [
          0.46400000000000002,
          0.77480000000000004
        ],
        [
          0.371,
          0.74909999999999999
        ],
        [
          0.33679999999999999,
          0.69920000000000004
        ]
      ],
      "leftTemple" : [
        [
          0.2545,
          0.24110000000000001
        ],
        [
          0.27589999999999998,
          0.30299999999999999
        ],
        [
          0.2606,
          0.36969999999999997
        ],
        [
          0.22,
          0.3382
        ],
        [
          0.21329999999999999,
          0.27560000000000001
        ]
      ],
      "rightAroundEyes" : [
        [
          0.52869999999999995,
          0.32979999999999998
        ],
        [
          0.65449999999999997,
          0.31909999999999999
        ],
        [
          0.70209999999999995,
          0.35299999999999998
        ],
        [
          0.68369999999999997,
          0.40610000000000002
        ],
        [
          0.53439999999999999,
          0.40760000000000002
        ]
      ],
      "rightCheekbone" : [
        [
          0.5534,
          0.42059999999999997
        ],
        [
          0.68589999999999995,
          0.4153
        ],
        [
          0.71950000000000003,
          0.3836
        ],
        [
          0.69710000000000005,
          0.46639999999999998
        ],
        [
          0.58350000000000002,
          0.46629999999999999
        ]
      ],
      "rightGum" : [
        [
          0.5897,
          0.49270000000000003
        ],
        [
          0.68369999999999997,
          0.48630000000000001
        ],
        [
          0.65669999999999995,
          0.54659999999999997
        ],
        [
          0.59830000000000005,
          0.59619999999999995
        ],
        [
          0.57840000000000003,
          0.54069999999999996
        ]
      ],
      "rightNeck" : [
        [
          0.55459999999999998,
          0.63739999999999997
        ],
        [
          0.61629999999999996,
          0.58930000000000005
        ],
        [
          0.63759999999999994,
          0.65880000000000005
        ],
        [
          0.65200000000000002,
          0.72619999999999996
        ],
        [
          0.56130000000000002,
          0.77180000000000004
        ]
      ],
      "rightTemple" : [
        [
          0.70820000000000005,
          0.29530000000000001
        ],
        [
          0.73529999999999995,
          0.25950000000000001
        ],
        [
          0.76670000000000005,
          0.2969
        ],
        [
          0.75890000000000002,
          0.34200000000000003
        ],
        [
          0.72150000000000003,
          0.36969999999999997
        ]
      ],
      "top" : [
        [
          0.40749999999999997,
          0.086999999999999994
        ],
        [
          0.59830000000000005,
          0.086300000000000002
        ],
        [
          0.72970000000000002,
          0.16719999999999999
        ],
        [
          0.60999999999999999,
          0.14999999999999999
        ],
        [
          0.39000000000000001,
          0.14999999999999999
        ],
        [
          0.26669999999999999,
          0.16470000000000001
        ]
      ]
    }
  },